id;sao;chitiet;image;ngaydanhgia
1;1322;Baby Fresh;payment Small;2021-11-16T23:14:00
2;14449;payment invoice;Public-key Cambridgeshire Rubber;2021-11-17T00:04:25
3;20480;ROI Egypt;Ergonomic;2021-11-16T22:49:09
4;58619;Krone Bike Facilitator;Gorgeous;2021-11-17T12:51:56
5;81572;internet yellow line;Plastic Ohio;2021-11-17T08:30:48
6;96417;Illinois Handmade Dollar;hack value-added;2021-11-17T04:30:12
7;96543;action-items withdrawal Quality;Cross-platform;2021-11-17T15:30:43
8;65668;Pound;De-engineered feed Car;2021-11-17T09:47:44
9;12470;Health Direct Account;and customized;2021-11-17T05:20:05
10;83088;bluetooth deposit;HTTP application;2021-11-17T01:20:51
